epoch,step,train/loss,val/auroc_bbb,val/auroc_cyp3a4,val/auroc_herg,val/cls_loss,val/mae_caco2,val/mae_clearance,val/mse_caco2,val/mse_clearance,val/reg_loss,val/rmse_caco2,val/rmse_clearance
0,49,1.5203163623809814,,,,,,,,,,,
0,99,1.4619193077087402,,,,,,,,,,,
0,149,1.2179136276245117,,,,,,,,,,,
0,199,1.1371307373046875,,,,,,,,,,,
0,249,1.080707311630249,,,,,,,,,,,
0,299,1.192285180091858,,,,,,,,,,,
0,344,,0.8882026076316833,0.8547386527061462,0.768367350101471,0.6348305940628052,0.4615728259086609,0.9777823090553284,0.33421656489372253,1.4957958459854126,0.9793143272399902,0.5781146287918091,1.2230273485183716
1,349,1.125390887260437,,,,,,,,,,,
1,399,1.056888461112976,,,,,,,,,,,
1,449,1.0016945600509644,,,,,,,,,,,
1,499,1.007805585861206,,,,,,,,,,,
1,549,1.1007676124572754,,,,,,,,,,,
1,599,1.1208279132843018,,,,,,,,,,,
1,649,0.9163779020309448,,,,,,,,,,,
1,689,,0.9065520763397217,0.8731263279914856,0.7800281047821045,0.626421332359314,0.4123722314834595,0.9416175484657288,0.25466758012771606,1.4517592191696167,0.9368628859519958,0.5046460032463074,1.2048897743225098
2,699,1.0539547204971313,,,,,,,,,,,
2,749,0.991482138633728,,,,,,,,,,,
2,799,0.9772454500198364,,,,,,,,,,,
2,849,0.9503070116043091,,,,,,,,,,,
2,899,0.9680172204971313,,,,,,,,,,,
2,949,0.9092177152633667,,,,,,,,,,,
2,999,0.9708679914474487,,,,,,,,,,,
2,1034,,0.9057465195655823,0.8846099972724915,0.7852435111999512,0.6225709915161133,0.45638155937194824,0.8980146050453186,0.3107062578201294,1.3470134735107422,0.9102457165718079,0.5574102997779846,1.1606091260910034
3,1049,0.9030442833900452,,,,,,,,,,,
3,1099,0.8167270421981812,,,,,,,,,,,
3,1149,0.9144350290298462,,,,,,,,,,,
3,1199,0.89035564661026,,,,,,,,,,,
3,1249,0.833971381187439,,,,,,,,,,,
3,1299,0.7968229055404663,,,,,,,,,,,
3,1349,0.8811851739883423,,,,,,,,,,,
3,1379,,0.8997941613197327,0.8917474746704102,0.7886214852333069,0.6186938285827637,0.45611363649368286,0.9070023894309998,0.2958424985408783,1.4678176641464233,0.972929835319519,0.5439140796661377,1.2115352153778076
4,1399,0.8462988138198853,,,,,,,,,,,
4,1449,0.9256861209869385,,,,,,,,,,,
4,1499,0.9054109454154968,,,,,,,,,,,
4,1549,0.7935152053833008,,,,,,,,,,,
4,1599,0.8012549877166748,,,,,,,,,,,
4,1649,0.8623886704444885,,,,,,,,,,,
4,1699,0.8820453882217407,,,,,,,,,,,
4,1724,,0.8966165781021118,0.899634063243866,0.803174614906311,0.6150346994400024,0.4265812039375305,0.9636910557746887,0.2709830701351166,1.5873382091522217,1.0417637825012207,0.5205603241920471,1.2598960399627686
5,1749,1.0325098037719727,,,,,,,,,,,
5,1799,0.8716039657592773,,,,,,,,,,,
5,1849,0.8747511506080627,,,,,,,,,,,
5,1899,0.7693071365356445,,,,,,,,,,,
5,1949,0.8584954738616943,,,,,,,,,,,
5,1999,0.8458366394042969,,,,,,,,,,,
5,2049,0.8086456656455994,,,,,,,,,,,
5,2069,,0.9026584029197693,0.9089131951332092,0.8087806701660156,0.6138567924499512,0.42137014865875244,0.8711874485015869,0.25876450538635254,1.3395624160766602,0.88723224401474,0.5086889863014221,1.1573946475982666
6,2099,0.7973114252090454,,,,,,,,,,,
6,2149,0.7667730450630188,,,,,,,,,,,
6,2199,0.7065154314041138,,,,,,,,,,,
6,2249,0.8422332406044006,,,,,,,,,,,
6,2299,0.8606529235839844,,,,,,,,,,,
6,2349,0.8575886487960815,,,,,,,,,,,
6,2399,0.7579021453857422,,,,,,,,,,,
6,2414,,0.9004654288291931,0.9096908569335938,0.805444598197937,0.6114733219146729,0.43886834383010864,0.9093275666236877,0.28820616006851196,1.4370319843292236,0.9669231176376343,0.5368483662605286,1.1987626552581787
7,2449,0.7459716200828552,,,,,,,,,,,
7,2499,0.7753036618232727,,,,,,,,,,,
7,2549,0.7545223236083984,,,,,,,,,,,
7,2599,0.7652705907821655,,,,,,,,,,,
7,2649,0.7738566398620605,,,,,,,,,,,
7,2699,0.7984567284584045,,,,,,,,,,,
7,2749,0.8161482810974121,,,,,,,,,,,
7,2759,,0.9009130001068115,0.9097904562950134,0.8089975714683533,0.6103122234344482,0.4252607226371765,0.9056487083435059,0.26514092087745667,1.4296411275863647,0.9410215616226196,0.5149183869361877,1.1956759691238403
8,2799,0.7804360389709473,,,,,,,,,,,
8,2849,0.7290263772010803,,,,,,,,,,,
8,2899,0.7459959387779236,,,,,,,,,,,
8,2949,0.7520930767059326,,,,,,,,,,,
8,2999,0.7556003332138062,,,,,,,,,,,
8,3049,0.8212376832962036,,,,,,,,,,,
8,3099,0.701403021812439,,,,,,,,,,,
8,3104,,0.8992571830749512,0.9155523180961609,0.8140873312950134,0.608914315700531,0.42123010754585266,0.9411518573760986,0.25650933384895325,1.5597413778305054,0.9976530075073242,0.5064675211906433,1.2488960027694702
9,3149,0.6962730884552002,,,,,,,,,,,
9,3199,0.7393185496330261,,,,,,,,,,,
9,3249,0.781618595123291,,,,,,,,,,,
9,3299,0.8482570648193359,,,,,,,,,,,
9,3349,0.7642660140991211,,,,,,,,,,,
9,3399,0.7313261032104492,,,,,,,,,,,
9,3449,0.6269000768661499,,,,,,,,,,,
9,3449,,0.9077156782150269,0.9196364879608154,0.8114548921585083,0.6082976460456848,0.41962218284606934,0.8859078884124756,0.255502313375473,1.4668790102005005,0.9512873888015747,0.5054723620414734,1.2111477851867676
10,3499,0.8133848309516907,,,,,,,,,,,
10,3549,0.8193014860153198,,,,,,,,,,,
10,3599,0.8410760760307312,,,,,,,,,,,
10,3649,0.6699530482292175,,,,,,,,,,,
10,3699,0.7585756778717041,,,,,,,,,,,
10,3749,0.7044423222541809,,,,,,,,,,,
10,3794,,0.900062620639801,0.9146864414215088,0.8086845874786377,0.6117482781410217,0.4193369150161743,0.903934121131897,0.2540067136287689,1.528205394744873,0.9854052662849426,0.5039907693862915,1.2362060546875
11,3799,0.7677149176597595,,,,,,,,,,,
11,3849,0.700844943523407,,,,,,,,,,,
11,3899,0.6663869619369507,,,,,,,,,,,
11,3949,0.738608717918396,,,,,,,,,,,
11,3999,0.7829515933990479,,,,,,,,,,,
11,4049,0.6706881523132324,,,,,,,,,,,
11,4099,0.7531462907791138,,,,,,,,,,,
11,4139,,0.8978248834609985,0.9174990653991699,0.8242679834365845,0.6044149398803711,0.42535388469696045,0.8821689486503601,0.2756783366203308,1.4089356660842896,0.9295825362205505,0.5250507593154907,1.186985969543457
12,4149,0.8498196601867676,,,,,,,,,,,
12,4199,0.7060865163803101,,,,,,,,,,,
12,4249,0.7095407843589783,,,,,,,,,,,
12,4299,0.7141199111938477,,,,,,,,,,,
12,4349,0.6648250818252563,,,,,,,,,,,
12,4399,0.8859614729881287,,,,,,,,,,,
12,4449,0.7104911804199219,,,,,,,,,,,
12,4484,,0.9128177165985107,0.9215404987335205,0.8238464593887329,0.607701301574707,0.41539591550827026,0.8990960717201233,0.2529527544975281,1.4698172807693481,0.945381224155426,0.5029440522193909,1.2123602628707886
13,4499,0.757591724395752,,,,,,,,,,,
13,4549,0.764691174030304,,,,,,,,,,,
13,4599,0.7329503297805786,,,,,,,,,,,
13,4649,0.733003556728363,,,,,,,,,,,
13,4699,0.6666495203971863,,,,,,,,,,,
13,4749,0.7566087245941162,,,,,,,,,,,
13,4799,0.6691889762878418,,,,,,,,,,,
13,4829,,0.9038220643997192,0.9207331538200378,0.8211426734924316,0.6069457530975342,0.43326860666275024,0.9671825170516968,0.2745877206325531,1.5687839984893799,1.0044300556182861,0.5240111947059631,1.2525110244750977
14,4849,0.7007557153701782,,,,,,,,,,,
14,4899,0.7062342166900635,,,,,,,,,,,
14,4949,0.7604987025260925,,,,,,,,,,,
14,4999,0.672822117805481,,,,,,,,,,,
14,5049,0.7689135670661926,,,,,,,,,,,
14,5099,0.7321690917015076,,,,,,,,,,,
14,5149,0.7262828946113586,,,,,,,,,,,
14,5174,,0.9020318984985352,0.9237408638000488,0.8253709077835083,0.6048986315727234,0.43875065445899963,0.924824595451355,0.27706030011177063,1.490624189376831,0.9666486382484436,0.5263651609420776,1.2209111452102661
15,5199,0.7227839827537537,,,,,,,,,,,
15,5249,0.7712165713310242,,,,,,,,,,,
15,5299,0.6668355464935303,,,,,,,,,,,
15,5349,0.7120031118392944,,,,,,,,,,,
15,5399,0.6883059740066528,,,,,,,,,,,
15,5449,0.7297919988632202,,,,,,,,,,,
15,5499,0.6889972686767578,,,,,,,,,,,
15,5519,,0.8987200260162354,0.9246008992195129,0.8369553089141846,0.6018732190132141,0.44297611713409424,0.9159243702888489,0.2791617214679718,1.467941164970398,0.9535566568374634,0.5283575654029846,1.2115862369537354
16,5549,0.6430824995040894,,,,,,,,,,,
16,5599,0.7144176363945007,,,,,,,,,,,
16,5649,0.7360259294509888,,,,,,,,,,,
16,5699,0.7250940203666687,,,,,,,,,,,
16,5749,0.7636653780937195,,,,,,,,,,,
16,5799,0.7079281210899353,,,,,,,,,,,
16,5849,0.7767939567565918,,,,,,,,,,,
16,5864,,0.9063730239868164,0.926338255405426,0.8333123326301575,0.6033217310905457,0.4300118386745453,0.9122524261474609,0.2807450592517853,1.4135252237319946,0.9194889664649963,0.5298538208007812,1.188917636871338
17,5899,0.6678012013435364,,,,,,,,,,,
17,5949,0.7225118279457092,,,,,,,,,,,
17,5999,0.6804267764091492,,,,,,,,,,,
17,6049,0.6374180316925049,,,,,,,,,,,
17,6099,0.6816632747650146,,,,,,,,,,,
17,6149,0.7471975684165955,,,,,,,,,,,
17,6199,0.7467448115348816,,,,,,,,,,,
17,6209,,0.9056122303009033,0.9229005575180054,0.8343020081520081,0.6025481820106506,0.44585496187210083,0.9136757254600525,0.30046653747558594,1.3799339532852173,0.9157048463821411,0.5481482744216919,1.1747058629989624
18,6249,0.7947255373001099,,,,,,,,,,,
18,6299,0.630645751953125,,,,,,,,,,,
18,6349,0.6507859230041504,,,,,,,,,,,
18,6399,0.7526748776435852,,,,,,,,,,,
18,6449,0.7499863505363464,,,,,,,,,,,
18,6499,0.6774704456329346,,,,,,,,,,,
18,6549,0.6668016910552979,,,,,,,,,,,
18,6554,,0.9037325382232666,0.923003077507019,0.8325852751731873,0.6025927066802979,0.4336915612220764,0.9178696870803833,0.27204036712646484,1.4513131380081177,0.9381187558174133,0.5215749144554138,1.2047046422958374
19,6599,0.6519835591316223,,,,,,,,,,,
19,6649,0.617818295955658,,,,,,,,,,,
19,6699,0.6338520050048828,,,,,,,,,,,
19,6749,0.7108102440834045,,,,,,,,,,,
19,6799,0.7024528980255127,,,,,,,,,,,
19,6849,0.7222931385040283,,,,,,,,,,,
19,6899,0.7350990772247314,,,,,,,,,,,
19,6899,,0.9052094221115112,0.9224989414215088,0.830597460269928,0.6028814315795898,0.42996957898139954,0.9132121801376343,0.2719067931175232,1.4260650873184204,0.9216684699058533,0.5214468240737915,1.194179654121399
20,6949,0.6582246422767639,,,,,,,,,,,
20,6999,0.6797216534614563,,,,,,,,,,,
20,7049,0.6717906594276428,,,,,,,,,,,
20,7099,0.70923912525177,,,,,,,,,,,
20,7149,0.6677466034889221,,,,,,,,,,,
20,7199,0.6644536256790161,,,,,,,,,,,
20,7244,,0.9011367559432983,0.9255265593528748,0.8333986401557922,0.603407084941864,0.4521314203739166,0.9198935031890869,0.3303804099559784,1.4556005001068115,0.9576761722564697,0.5747872591018677,1.2064826488494873
21,7249,0.7794916033744812,,,,,,,,,,,
21,7299,0.7622919678688049,,,,,,,,,,,
21,7349,0.7361766695976257,,,,,,,,,,,
21,7399,0.7180742621421814,,,,,,,,,,,
21,7449,0.7815683484077454,,,,,,,,,,,
21,7499,0.7568157911300659,,,,,,,,,,,
21,7549,0.7448932528495789,,,,,,,,,,,
21,7589,,0.8920963406562805,0.9272910356521606,0.837073564529419,0.6043524146080017,0.45552393794059753,0.954188883304596,0.29921260476112366,1.4969538450241089,0.9723193645477295,0.5470032691955566,1.2235006093978882
22,7599,0.7270656228065491,,,,,,,,,,,
22,7649,0.7333173155784607,,,,,,,,,,,
22,7699,0.7155389785766602,,,,,,,,,,,
22,7749,0.6396999359130859,,,,,,,,,,,
22,7799,0.7141340374946594,,,,,,,,,,,
22,7849,0.7940319776535034,,,,,,,,,,,
22,7899,0.7384145259857178,,,,,,,,,,,
22,7934,,0.8960346579551697,0.9257572889328003,0.8454833030700684,0.6031328439712524,0.4665845036506653,0.9509152770042419,0.3358549177646637,1.478670358657837,0.9819254279136658,0.579529881477356,1.2160059213638306
23,7949,0.6660656332969666,,,,,,,,,,,
23,7999,0.6648040413856506,,,,,,,,,,,
23,8049,0.7430291175842285,,,,,,,,,,,
23,8099,0.7196646928787231,,,,,,,,,,,
23,8149,0.7157885432243347,,,,,,,,,,,
23,8199,0.7549214959144592,,,,,,,,,,,
23,8249,0.6952938437461853,,,,,,,,,,,
23,8279,,0.9025242328643799,0.927682638168335,0.8405822515487671,0.6041514873504639,0.46180495619773865,0.8969653248786926,0.31984713673591614,1.415741205215454,0.9437609314918518,0.5655503273010254,1.1898492574691772
24,8299,0.6932981014251709,,,,,,,,,,,
24,8349,0.7241857051849365,,,,,,,,,,,
24,8399,0.676343560218811,,,,,,,,,,,
24,8449,0.6405285596847534,,,,,,,,,,,
24,8499,0.6547480821609497,,,,,,,,,,,
24,8549,0.6701270937919617,,,,,,,,,,,
24,8599,0.7957912683486938,,,,,,,,,,,
24,8624,,0.8881131410598755,0.9255849123001099,0.8325680494308472,0.6038918495178223,0.4673372209072113,0.9002991914749146,0.3283913731575012,1.371354341506958,0.9098789691925049,0.5730544328689575,1.1710484027862549
25,8649,0.6826064586639404,,,,,,,,,,,
25,8699,0.7325773239135742,,,,,,,,,,,
25,8749,0.6459252834320068,,,,,,,,,,,
25,8799,0.6894834637641907,,,,,,,,,,,
25,8849,0.7654842734336853,,,,,,,,,,,
25,8899,0.7606546878814697,,,,,,,,,,,
25,8949,0.6835165023803711,,,,,,,,,,,
25,8969,,0.8933494687080383,0.9266359210014343,0.8417418599128723,0.6010357141494751,0.44420722126960754,0.8989526033401489,0.29725879430770874,1.4060040712356567,0.9228531718254089,0.5452144742012024,1.1857503652572632
26,8999,0.7868219614028931,,,,,,,,,,,
26,9049,0.7424160242080688,,,,,,,,,,,
26,9099,0.7320250272750854,,,,,,,,,,,
26,9149,0.7293869853019714,,,,,,,,,,,
26,9199,0.6879299879074097,,,,,,,,,,,
26,9249,0.7394794821739197,,,,,,,,,,,
26,9299,0.761890172958374,,,,,,,,,,,
26,9314,,0.8954081535339355,0.9270830154418945,0.8402568101882935,0.5998407006263733,0.4686717689037323,0.9227361679077148,0.3406917154788971,1.3983262777328491,0.9344421625137329,0.5836880207061768,1.1825084686279297
27,9349,0.6878935098648071,,,,,,,,,,,
27,9399,0.6818360686302185,,,,,,,,,,,
27,9449,0.6814339756965637,,,,,,,,,,,
27,9499,0.7019604444503784,,,,,,,,,,,
27,9549,0.6655511856079102,,,,,,,,,,,
27,9599,0.6438500285148621,,,,,,,,,,,
27,9649,0.6591992378234863,,,,,,,,,,,
27,9659,,0.8863229751586914,0.9246264696121216,0.8373078107833862,0.6063543558120728,0.4244253933429718,0.9092997312545776,0.2647514343261719,1.4169634580612183,0.9141761064529419,0.5145400166511536,1.1903626918792725
28,9699,0.6720110177993774,,,,,,,,,,,
28,9749,0.6785358190536499,,,,,,,,,,,
28,9799,0.67781001329422,,,,,,,,,,,
28,9849,0.6947159171104431,,,,,,,,,,,
28,9899,0.7095828652381897,,,,,,,,,,,
28,9949,0.7205179333686829,,,,,,,,,,,
28,9999,0.7173098921775818,,,,,,,,,,,
28,10004,,0.8807733058929443,0.925416886806488,0.8363551497459412,0.6026582717895508,0.4649013876914978,0.9162470102310181,0.32074227929115295,1.3881078958511353,0.9188057780265808,0.5663411617279053,1.1781799793243408
29,10049,0.6870517730712891,,,,,,,,,,,
29,10099,0.6955388188362122,,,,,,,,,,,
29,10149,0.7054104208946228,,,,,,,,,,,
29,10199,0.6948815584182739,,,,,,,,,,,
29,10249,0.7048739790916443,,,,,,,,,,,
29,10299,0.7715091109275818,,,,,,,,,,,
29,10349,0.722252368927002,,,,,,,,,,,
29,10349,,0.8757607936859131,0.9260904788970947,0.8402752876281738,0.6038979887962341,0.45234090089797974,0.9160205721855164,0.29532676935195923,1.4329986572265625,0.9384843707084656,0.5434397459030151,1.1970791816711426
30,10399,0.685444712638855,,,,,,,,,,,
30,10449,0.7082720398902893,,,,,,,,,,,
30,10499,0.6663668155670166,,,,,,,,,,,
30,10549,0.6480245590209961,,,,,,,,,,,
30,10599,0.6933765411376953,,,,,,,,,,,
30,10649,0.7424877285957336,,,,,,,,,,,
30,10694,,0.8809524178504944,0.9278891086578369,0.8339679837226868,0.6045385003089905,0.4554305374622345,0.9163650274276733,0.3060203194618225,1.3693267107009888,0.9065176844596863,0.5531910061836243,1.1701823472976685
31,10699,0.6879596710205078,,,,,,,,,,,
31,10749,0.7187133431434631,,,,,,,,,,,
31,10799,0.716398298740387,,,,,,,,,,,
31,10849,0.7239498496055603,,,,,,,,,,,
31,10899,0.6304548382759094,,,,,,,,,,,
31,10949,0.7287920117378235,,,,,,,,,,,
31,10999,0.716677725315094,,,,,,,,,,,
31,11039,,0.881176233291626,0.9292462468147278,0.8442103266716003,0.6018320322036743,0.45085299015045166,0.9109417200088501,0.29744771122932434,1.3954709768295288,0.9154765605926514,0.5453876852989197,1.1813005208969116
32,11049,0.671234667301178,,,,,,,,,,,
32,11099,0.642684817314148,,,,,,,,,,,
32,11149,0.6728371977806091,,,,,,,,,,,
32,11199,0.6985981464385986,,,,,,,,,,,
32,11249,0.7238315939903259,,,,,,,,,,,
32,11299,0.6810318827629089,,,,,,,,,,,
32,11349,0.7165595293045044,,,,,,,,,,,
32,11384,,0.8752238154411316,0.9245724678039551,0.8412821888923645,0.6041831970214844,0.4408589005470276,0.8945401310920715,0.2822684347629547,1.3787108659744263,0.8985210657119751,0.5312893986701965,1.1741851568222046
33,11399,0.6693524122238159,,,,,,,,,,,
33,11449,0.7033185362815857,,,,,,,,,,,
33,11499,0.7242918610572815,,,,,,,,,,,
33,11549,0.6389254331588745,,,,,,,,,,,
33,11599,0.6315312385559082,,,,,,,,,,,
33,11649,0.6451122164726257,,,,,,,,,,,
33,11699,0.6329706907272339,,,,,,,,,,,
33,11729,,0.8786251544952393,0.9210748672485352,0.8446909189224243,0.602682888507843,0.4322464168071747,0.9039059281349182,0.28221625089645386,1.3559104204177856,0.8819758296012878,0.5312402844429016,1.164435625076294
34,11749,0.6488050222396851,,,,,,,,,,,
34,11799,0.6703161001205444,,,,,,,,,,,
34,11849,0.691257894039154,,,,,,,,,,,
34,11899,0.7278240919113159,,,,,,,,,,,
34,11949,0.6761578917503357,,,,,,,,,,,
34,11999,0.7014513611793518,,,,,,,,,,,
34,12049,0.6792932152748108,,,,,,,,,,,
34,12074,,0.8748656511306763,0.9227068424224854,0.8348269462585449,0.6074856519699097,0.4747634530067444,0.8879489302635193,0.35617294907569885,1.4004442691802979,0.9373075366020203,0.596802294254303,1.1834036111831665
35,12099,0.7428040504455566,,,,,,,,,,,
35,12149,0.6920884251594543,,,,,,,,,,,
35,12199,0.695749819278717,,,,,,,,,,,
35,12249,0.7328649163246155,,,,,,,,,,,
35,12299,0.6996356248855591,,,,,,,,,,,
35,12349,0.7033372521400452,,,,,,,,,,,
35,12399,0.6663133502006531,,,,,,,,,,,
35,12419,,0.88395094871521,0.9233662486076355,0.8372141122817993,0.6036694645881653,0.46685126423835754,0.8998560905456543,0.32122641801834106,1.3856124877929688,0.916508674621582,0.5667684078216553,1.1771204471588135
36,12449,0.6330657601356506,,,,,,,,,,,
36,12499,0.7032646536827087,,,,,,,,,,,
36,12549,0.6495303511619568,,,,,,,,,,,
36,12599,0.6804831624031067,,,,,,,,,,,
36,12649,0.6683676242828369,,,,,,,,,,,
36,12699,0.7145150899887085,,,,,,,,,,,
36,12749,0.7052942514419556,,,,,,,,,,,
36,12764,,0.8871285915374756,0.9279959201812744,0.840345561504364,0.6038563251495361,0.4478856027126312,0.919465184211731,0.2926507294178009,1.4201061725616455,0.934821367263794,0.5409720540046692,1.1916821002960205
37,12799,0.7311342358589172,,,,,,,,,,,
37,12849,0.7872940897941589,,,,,,,,,,,
37,12899,0.6844012141227722,,,,,,,,,,,
37,12949,0.7109119892120361,,,,,,,,,,,
37,12999,0.7353770136833191,,,,,,,,,,,
37,13049,0.6996751427650452,,,,,,,,,,,
37,13099,0.6799195408821106,,,,,,,,,,,
37,13109,,0.8844432234764099,0.9252303242683411,0.8379855751991272,0.6084363460540771,0.44809266924858093,0.89683997631073,0.29673072695732117,1.421661615371704,0.928062379360199,0.5447299480438232,1.192334532737732
38,13149,0.6935881972312927,,,,,,,,,,,
38,13199,0.6488772630691528,,,,,,,,,,,
38,13249,0.7376738786697388,,,,,,,,,,,
38,13299,0.6258534789085388,,,,,,,,,,,
38,13349,0.678426206111908,,,,,,,,,,,
38,13399,0.6526875495910645,,,,,,,,,,,
38,13449,0.6847423315048218,,,,,,,,,,,
38,13454,,0.8793412446975708,0.9254183769226074,0.8344314098358154,0.6043948531150818,0.4650747776031494,0.872588038444519,0.31233838200569153,1.3413515090942383,0.8975285887718201,0.558872401714325,1.1581672430038452
39,13499,0.602318286895752,,,,,,,,,,,
39,13549,0.6803168654441833,,,,,,,,,,,
39,13599,0.6897642612457275,,,,,,,,,,,
39,13649,0.6397773027420044,,,,,,,,,,,
39,13699,0.6879509091377258,,,,,,,,,,,
39,13749,0.6975051760673523,,,,,,,,,,,
39,13799,0.7814579010009766,,,,,,,,,,,
39,13799,,0.8836377263069153,0.9253129363059998,0.8383491635322571,0.6024613976478577,0.44911760091781616,0.8763821721076965,0.29442742466926575,1.3438924551010132,0.8815237879753113,0.5426116585731506,1.1592637300491333
40,13849,0.650822639465332,,,,,,,,,,,
40,13899,0.6492866277694702,,,,,,,,,,,
40,13949,0.6428896188735962,,,,,,,,,,,
40,13999,0.6067478060722351,,,,,,,,,,,
40,14049,0.6415854096412659,,,,,,,,,,,
40,14099,0.688648521900177,,,,,,,,,,,
40,14144,,0.8788489699363708,0.927617073059082,0.8383368253707886,0.5997380018234253,0.45663556456565857,0.894000768661499,0.31057605147361755,1.361464500427246,0.8971360325813293,0.5572934746742249,1.1668181419372559
41,14149,0.6865441203117371,,,,,,,,,,,
41,14199,0.7456551194190979,,,,,,,,,,,
41,14249,0.7220045328140259,,,,,,,,,,,
41,14299,0.7007851600646973,,,,,,,,,,,
41,14349,0.7448552846908569,,,,,,,,,,,
41,14399,0.6103549599647522,,,,,,,,,,,
41,14449,0.6911195516586304,,,,,,,,,,,
41,14489,,0.8826082348823547,0.9246522188186646,0.8341774940490723,0.6030856966972351,0.45009660720825195,0.9162814021110535,0.29170647263526917,1.3853938579559326,0.9075019955635071,0.5400986075401306,1.1770275831222534
42,14499,0.686225414276123,,,,,,,,,,,
42,14549,0.6592330932617188,,,,,,,,,,,
42,14599,0.6564884185791016,,,,,,,,,,,
42,14649,0.6880622506141663,,,,,,,,,,,
42,14699,0.6532698273658752,,,,,,,,,,,
42,14749,0.6696193218231201,,,,,,,,,,,
42,14799,0.7995983362197876,,,,,,,,,,,
42,14834,,0.885875403881073,0.9262201189994812,0.8466233015060425,0.600906252861023,0.45520806312561035,0.9127408862113953,0.30350372195243835,1.429004430770874,0.9375807046890259,0.5509117245674133,1.1954097747802734
43,14849,0.7083183526992798,,,,,,,,,,,
43,14899,0.7071459293365479,,,,,,,,,,,
43,14949,0.6971601247787476,,,,,,,,,,,
43,14999,0.6543886661529541,,,,,,,,,,,
43,15049,0.6837539672851562,,,,,,,,,,,
43,15099,0.668619692325592,,,,,,,,,,,
43,15149,0.6760057210922241,,,,,,,,,,,
43,15179,,0.8889634609222412,0.9275801181793213,0.8442829847335815,0.6042162775993347,0.4546593427658081,0.9515847563743591,0.3196460008621216,1.450053334236145,0.9567055106163025,0.5653724074363708,1.2041816711425781
44,15199,0.704758882522583,,,,,,,,,,,
44,15249,0.6712691187858582,,,,,,,,,,,
44,15299,0.6723498702049255,,,,,,,,,,,
44,15349,0.689767062664032,,,,,,,,,,,
44,15399,0.6492558717727661,,,,,,,,,,,
44,15449,0.6412578821182251,,,,,,,,,,,
44,15499,0.699032187461853,,,,,,,,,,,
44,15524,,0.8856069445610046,0.9274490475654602,0.8376516103744507,0.6007384657859802,0.4482288360595703,0.9144791960716248,0.29426950216293335,1.4126650094985962,0.9284321069717407,0.5424661040306091,1.1885558366775513
45,15549,0.6403878331184387,,,,,,,,,,,
45,15599,0.6994682550430298,,,,,,,,,,,
45,15649,0.6182577610015869,,,,,,,,,,,
45,15699,0.7149697542190552,,,,,,,,,,,
45,15749,0.7232837080955505,,,,,,,,,,,
45,15799,0.6766689419746399,,,,,,,,,,,
45,15849,0.6540111303329468,,,,,,,,,,,
45,15869,,0.8827425241470337,0.9249526262283325,0.8442287445068359,0.6018882393836975,0.4560454487800598,0.9329102635383606,0.3000553846359253,1.4209089279174805,0.9340390563011169,0.5477731227874756,1.1920188665390015
46,15899,0.6306858062744141,,,,,,,,,,,
46,15949,0.6165463924407959,,,,,,,,,,,
46,15999,0.6333412528038025,,,,,,,,,,,
46,16049,0.7874292731285095,,,,,,,,,,,
46,16099,0.6940119862556458,,,,,,,,,,,
46,16149,0.6848025321960449,,,,,,,,,,,
46,16199,0.6670587062835693,,,,,,,,,,,
46,16214,,0.8826083540916443,0.9273123741149902,0.8472887277603149,0.5975911617279053,0.4604393243789673,0.8891196846961975,0.31884869933128357,1.3426867723464966,0.8921825885772705,0.5646668672561646,1.1587436199188232
47,16249,0.6705370545387268,,,,,,,,,,,
47,16299,0.6348340511322021,,,,,,,,,,,
47,16349,0.7067140340805054,,,,,,,,,,,
47,16399,0.704129695892334,,,,,,,,,,,
47,16449,0.7175126671791077,,,,,,,,,,,
47,16499,0.6128494143486023,,,,,,,,,,,
47,16549,0.6150014400482178,,,,,,,,,,,
47,16559,,0.8931257128715515,0.9260962009429932,0.8454179763793945,0.6038416028022766,0.44957560300827026,0.9231050610542297,0.3141680657863617,1.4063081741333008,0.9251033663749695,0.5605069994926453,1.1858786344528198
48,16599,0.6469647288322449,,,,,,,,,,,
48,16649,0.6240595579147339,,,,,,,,,,,
48,16699,0.6641803979873657,,,,,,,,,,,
48,16749,0.6973636150360107,,,,,,,,,,,
48,16799,0.6220221519470215,,,,,,,,,,,
48,16849,0.651647686958313,,,,,,,,,,,
48,16899,0.6701871156692505,,,,,,,,,,,
48,16904,,0.8882921934127808,0.9267711639404297,0.8425502777099609,0.6012781262397766,0.4493646025657654,0.9042022228240967,0.2938406765460968,1.3950790166854858,0.9110122323036194,0.542070746421814,1.181134581565857
49,16949,0.6023604273796082,,,,,,,,,,,
49,16999,0.6836066246032715,,,,,,,,,,,
49,17049,0.654958963394165,,,,,,,,,,,
49,17099,0.6220136284828186,,,,,,,,,,,
49,17149,0.651930570602417,,,,,,,,,,,
49,17199,0.655193567276001,,,,,,,,,,,
49,17249,0.6465380191802979,,,,,,,,,,,
49,17249,,0.886009693145752,0.9268624186515808,0.8392968773841858,0.6030083298683167,0.44358113408088684,0.9143136739730835,0.2991138696670532,1.408922791481018,0.9227411150932312,0.5469130277633667,1.1869804859161377
